Reference,Qty,Value,DNP,Footprint,Datasheet,Description
"5V1,GND2",2,Wire,,Connector_Wire:SolderWire-4sqmm_1x01_D3mm_OD6mm,,To DCDC module
"12V1,GND1",2,Wire,,Connector_Wire:SolderWire-2.5sqmm_1x01_D2.4mm_OD4.4mm,,To DCDC module
EPS12V1,1,1724480008,,SamacSys_Parts:1724480008,https://www.molex.com/en-us/products/part-detail-pdf/1724480008?display=pdf,
Fan+sel1,1,Conn_01x03_Pin,,Connector_PinHeader_2.54mm:PinHeader_1x03_P2.54mm_Vertical,,
Fan-sel2,1,Conn_02x03_Odd_Even,,Connector_PinHeader_2.54mm:PinHeader_2x03_P2.54mm_Vertical,,
J3,1,Conn_01x03,,Connector:FanPinHeader_1x03_P2.54mm_Vertical,,
"LED1,LED2,LED3,LED4,LED5,LED6",6,LED_Small,,LED_SMD:LED_0805_2012Metric_Pad1.15x1.40mm_HandSolder,,
MOBO1,1,,,SamacSys_Parts:ATX20pinEDGE,,from AliExpress
PCIE1,1,649006227222,,SamacSys_Parts:649006227222,https://katalog.we-online.de/em/datasheet/6490xx227222.pdf,
PSU1,1,649024227222,,SamacSys_Parts:649024227222,https://www.we-online.com/components/products/datasheet/649024227222.pdf,
PS_ON1,1,Conn_01x02,,Connector_PinHeader_2.54mm:PinHeader_1x02_P2.54mm_Vertical,,
"R1,R2,R12",3,240R,,Resistor_SMD:R_0603_1608Metric_Pad0.98x0.95mm_HandSolder,,
"R3,R4,R11",3,240R,DNP,Resistor_THT:R_Axial_DIN0204_L3.6mm_D1.6mm_P7.62mm_Horizontal,,Resistor
"R5,R10",2,1K,DNP,Resistor_THT:R_Axial_DIN0204_L3.6mm_D1.6mm_P7.62mm_Horizontal,,Resistor
"R6,R9",2,1K,,Resistor_SMD:R_0603_1608Metric_Pad0.98x0.95mm_HandSolder,,Resistor
R7,1,100R,,Resistor_THT:R_Axial_DIN0204_L3.6mm_D1.6mm_P7.62mm_Horizontal,,Resistor
R8,1,100R,DNP,Resistor_SMD:R_0603_1608Metric_Pad0.98x0.95mm_HandSolder,,
TP1,1,GND,,TestPoint:TestPoint_THTPad_2.0x2.0mm_Drill1.0mm,,test point
TP2,1,12V,,TestPoint:TestPoint_THTPad_D2.0mm_Drill1.0mm,,test point
TP3,1,5V,,TestPoint:TestPoint_THTPad_D2.0mm_Drill1.0mm,,test point
TP4,1,+5VSB,,TestPoint:TestPoint_THTPad_D2.0mm_Drill1.0mm,,test point
TP5,1,3.3V,,TestPoint:TestPoint_THTPad_D2.0mm_Drill1.0mm,,test point
TP6,1,-5V,,TestPoint:TestPoint_THTPad_D2.0mm_Drill1.0mm,,test point
TP7,1,-12V,,TestPoint:TestPoint_THTPad_D2.0mm_Drill1.0mm,,test point
U1,1,MC79L05_SO8,,Package_SO:SOIC-8_3.9x4.9mm_P1.27mm,http://www.ti.com/lit/ds/symlink/lm79l.pdf,-5V regulator IC
